1.264316124834228516e+09, 2.155611769875071083e-28
1.264316124834472656e+09, -2.414158549732334896e-28
1.264316124834716797e+09, 5.004422664147723765e-28
1.264316124834960938e+09, -6.536535690682063588e-28
1.264316124835205078e+09, 9.431989732635240702e-28
1.264316124835449219e+09, -1.290832034618385520e-27
1.264316124835693359e+09, 1.596495803511478979e-27
1.264316124835937500e+09, -2.221974728376680356e-27
1.264316124836181641e+09, 2.530354187173698746e-27
1.264316124836425781e+09, -3.536794798921245216e-27
1.264316124836669922e+09, 3.839606805392859669e-27
1.264316124836914062e+09, -5.354765959140344834e-27
1.264316124837158203e+09, 5.655685637811317516e-27
1.264316124837402344e+09, -7.839887943362403778e-27
1.264316124837646484e+09, 8.166061531561670587e-27
1.264316124837890625e+09, -1.122579079839585223e-26
1.264316124838134766e+09, 1.164792363545782378e-26
1.264316124838378906e+09, -1.586069573385462488e-26
1.264316124838623047e+09, 1.653008787772956756e-26
1.264316124838867188e+09, -2.229323781633981342e-26
1.264316124839111328e+09, 2.351538506619808573e-26
1.264316124839355469e+09, -3.144998422096239291e-26
1.264316124839599609e+09, 3.384601385667514382e-26
1.264316124839843750e+09, -4.504310850559086022e-26
1.264316124840087891e+09, 4.995353906797339913e-26
1.264316124840332031e+09, -6.665008660715815070e-26
1.264316124840576172e+09, 7.734763653587819564e-26
1.264316124840820312e+09, -1.052338247987463932e-25
1.264316124841064453e+09, 1.317405555527198886e-25
1.264316124841308594e+09, -1.912631269498786039e-25
1.264316124841552734e+09, 2.820157216714972592e-25
1.264316124841796875e+09, -5.278546733564702540e-25
1.264316124842041016e+09, 1.697303636198894442e-24
1.264316124842285156e+09, 5.039555774166476346e-24
1.264316124842529297e+09, 3.104946710334548375e-24
1.264316124842773438e+09, 2.906200691387642684e-24
1.264316124843017578e+09, 1.386972174294269526e-24
1.264316124843261719e+09, 6.739064881169827702e-25
1.264316124843505859e+09, -9.210063072237414048e-25
1.264316124843750000e+09, -1.986355498401777876e-24
1.264316124843994141e+09, -3.758391104843056489e-24
1.264316124844238281e+09, -5.138784653945417955e-24
1.264316124844482422e+09, -7.129434072329179820e-24
1.264316124844726562e+09, -8.813061441419620133e-24
1.264316124844970703e+09, -1.104293102588091817e-23
1.264316124845214844e+09, -1.302388624794894370e-23
1.264316124845458984e+09, -1.550204361119446541e-23
1.264316124845703125e+09, -1.777396642909241341e-23
1.264316124845947266e+09, -2.050081236191788840e-23
1.264316124846191406e+09, -2.305407350561045520e-23
1.264316124846435547e+09, -2.602225561164385139e-23
1.264316124846679688e+09, -2.884241430499078312e-23
1.264316124846923828e+09, -3.203704491871768365e-23
1.264316124847167969e+09, -3.510388055530852333e-23
1.264316124847412109e+09, -3.850250517576488828e-23
1.264316124847656250e+09, -4.178937293897784611e-23
1.264316124847900391e+09, -4.536187776561511857e-23
1.264316124848144531e+09, -4.883529066944965478e-23
1.264316124848388672e+09, -5.254384224146713104e-23
1.264316124848632812e+09, -5.616324187622635233e-23
1.264316124848876953e+09, -5.996231124164982801e-23
1.264316124849121094e+09, -6.368001414657100867e-23
1.264316124849365234e+09, -6.751651786789861975e-23
1.264316124849609375e+09, -7.127783425639005002e-23
1.264316124849853516e+09, -7.509141400234966207e-23
1.264316124850097656e+09, -7.883494119424963205e-23
1.264316124850341797e+09, -8.255839732535282895e-23
1.264316124850585938e+09, -8.621295591153226216e-23
1.264316124850830078e+09, -8.978691015273053828e-23
1.264316124851074219e+09, -9.326091264784159402e-23
1.264316124851318359e+09, -9.661503095775319090e-23
1.264316124851562500e+09, -9.982881047238905314e-23
1.264316124851806641e+09, -1.028813427237757784e-22
1.264316124852050781e+09, -1.057513387726784425e-22
1.264316124852294922e+09, -1.084172071769438673e-22
1.264316124852539062e+09, -1.108571370866699995e-22
1.264316124852783203e+09, -1.130491855449856863e-22
1.264316124853027344e+09, -1.149713691695161304e-22
1.264316124853271484e+09, -1.166017597766278448e-22
1.264316124853515625e+09, -1.179185836459479442e-22
1.264316124853759766e+09, -1.189003240587555990e-22
1.264316124854003906e+09, -1.195258269391345557e-22
1.264316124854248047e+09, -1.197744085683888897e-22
1.264316124854492188e+09, -1.196259660845796241e-22
1.264316124854736328e+09, -1.190610890068542183e-22
1.264316124854980469e+09, -1.180611722813597147e-22
1.264316124855224609e+09, -1.166085298789705008e-22
1.264316124855468750e+09, -1.146865085495946711e-22
1.264316124855712891e+09, -1.122796014066604098e-22
1.264316124855957031e+09, -1.093735604798467907e-22
1.264316124856201172e+09, -1.059555077008223504e-22
1.264316124856445312e+09, -1.020140441026055490e-22
1.264316124856689453e+09, -9.753935611613075257e-23
1.264316124856933594e+09, -9.252331873992304675e-23
1.264316124857177734e+09, -8.695959505841526958e-23
1.264316124857421875e+09, -8.084373106972265065e-23
1.264316124857666016e+09, -7.417324572230798776e-23
1.264316124857910156e+09, -6.694771537366092568e-23
1.264316124858154297e+09, -5.916885176831248601e-23
1.264316124858398438e+09, -5.084057337082010438e-23
1.264316124858642578e+09, -4.196906981653975960e-23
1.264316124858886719e+09, -3.256285853283995650e-23
1.264316124859130859e+09, -2.263283293346420018e-23
1.264316124859375000e+09, -1.219230178127395626e-23
1.264316124859619141e+09, -1.257019423876910399e-24
1.264316124859863281e+09, 1.015479373372723158e-23
1.264316124860107422e+09, 2.202244073085007958e-23
1.264316124860351562e+09, 3.432274802414321750e-23
1.264316124860595703e+09, 4.703007610949403112e-23
1.264316124860839844e+09, 6.011634122436537039e-23
1.264316124861083984e+09, 7.355104810764642082e-23
1.264316124861328125e+09, 8.730133465413889536e-23
1.264316124861572266e+09, 1.013320280878388678e-22
1.264316124861816406e+09, 1.156057120273063259e-22
1.264316124862060547e+09, 1.300828052654087317e-22
1.264316124862304688e+09, 1.447216523963261023e-22
1.264316124862548828e+09, 1.594786259351190925e-22
1.264316124862792969e+09, 1.743082401247943279e-22
1.264316124863037109e+09, 1.891632753758383349e-22
1.264316124863281250e+09, 2.039949144177781489e-22
1.264316124863525391e+09, 2.187528882411549332e-22
1.264316124863769531e+09, 2.333856330565169331e-22
1.264316124864013672e+09, 2.478404566254193222e-22
1.264316124864257812e+09, 2.620637142036116374e-22
1.264316124864501953e+09, 2.760009933286526793e-22
1.264316124864746094e+09, 2.895973070957351842e-22
1.264316124864990234e+09, 3.027972946427529798e-22
1.264316124865234375e+09, 3.155454274286972100e-22
1.264316124865478516e+09, 3.277862232321427882e-22
1.264316124865722656e+09, 3.394644647426364887e-22
1.264316124865966797e+09, 3.505254227740831206e-22
1.264316124866210938e+09, 3.609150835360855623e-22
1.264316124866455078e+09, 3.705803780530961162e-22
1.264316124866699219e+09, 3.794694135951167723e-22
1.264316124866943359e+09, 3.875317060545925853e-22
1.264316124867187500e+09, 3.947184117093851652e-22
1.264316124867431641e+09, 4.009825583154583181e-22
1.264316124867675781e+09, 4.062792734752140466e-22
1.264316124867919922e+09, 4.105660095239654765e-22
1.264316124868164062e+09, 4.138027644801791636e-22
1.264316124868408203e+09, 4.159522964546966716e-22
1.264316124868652344e+09, 4.169803329825694372e-22
1.264316124868896484e+09, 4.168557714828233160e-22
1.264316124869140625e+09, 4.155508720381851889e-22
1.264316124869384766e+09, 4.130414405158696305e-22
1.264316124869628906e+09, 4.093069995344822328e-22
1.264316124869873047e+09, 4.043309505868472410e-22
1.264316124870117188e+09, 3.981007206965705592e-22
1.264316124870361328e+09, 3.906078973963458663e-22
1.264316124870605469e+09, 3.818483484384830236e-22
1.264316124870849609e+09, 3.718223270528851249e-22
1.264316124871093750e+09, 3.605345600419223612e-22
1.264316124871337891e+09, 3.479943196169346665e-22
1.264316124871582031e+09, 3.342154795231367758e-22
1.264316124871826172e+09, 3.192165520898969622e-22
1.264316124872070312e+09, 3.030207077633100006e-22
1.264316124872314453e+09, 2.856557750821374312e-22
1.264316124872558594e+09, 2.671542222403707428e-22
1.264316124872802734e+09, 2.475531189662368663e-22
1.264316124873046875e+09, 2.268940790744067280e-22
1.264316124873291016e+09, 2.052231833138551908e-22
1.264316124873535156e+09, 1.825908826312517443e-22
1.264316124873779297e+09, 1.590518820081968402e-22
1.264316124874023438e+09, 1.346650046682830033e-22
1.264316124874267578e+09, 1.094930358754333681e-22
1.264316124874511719e+09, 8.360254870737288000e-23
1.264316124874755859e+09, 5.706371474429948634e-23
1.264316124875000000e+09, 2.995009423748273289e-23
1.264316124875244141e+09, 2.338410128777954127e-24
1.264316124875488281e+09, -2.569169512475666097e-23
1.264316124875732422e+09, -5.405791776538108435e-23
1.264316124875976562e+09, -8.267556604066214599e-23
1.264316124876220703e+09, -1.114578470293490013e-22
1.264316124876464844e+09, -1.403161663591619125e-22
1.264316124876708984e+09, -1.691604392638600056e-22
1.264316124876953125e+09, -1.978994124711249338e-22
1.264316124877197266e+09, -2.264409946349610674e-22
1.264316124877441406e+09, -2.546925972456271414e-22
1.264316124877685547e+09, -2.825614803110127443e-22
1.264316124877929688e+09, -3.099550998545084602e-22
1.264316124878173828e+09, -3.367814618768958894e-22
1.264316124878417969e+09, -3.629494776961138965e-22
1.264316124878662109e+09, -3.883693212140726977e-22
1.264316124878906250e+09, -4.129527840066667269e-22
1.264316124879150391e+09, -4.366136292003883481e-22
1.264316124879394531e+09, -4.592679401546762517e-22
1.264316124879638672e+09, -4.808344650431839732e-22
1.264316124879882812e+09, -5.012349527049865547e-22
1.264316124880126953e+09, -5.203944810928983907e-22
1.264316124880371094e+09, -5.382417751470946767e-22
1.264316124880615234e+09, -5.547095138074819683e-22
1.264316124880859375e+09, -5.697346239404165388e-22
1.264316124881103516e+09, -5.832585565106001442e-22
1.264316124881347656e+09, -5.952275487097825336e-22
1.264316124881591797e+09, -6.055928703558791421e-22
1.264316124881835938e+09, -6.143110509052643789e-22
1.264316124882080078e+09, -6.213440860031776673e-22
1.264316124882324219e+09, -6.266596263689526321e-22
1.264316124882568359e+09, -6.302311419307355719e-22
1.264316124882812500e+09, -6.320380657463206979e-22
1.264316124883056641e+09, -6.320659130062510887e-22
1.264316124883300781e+09, -6.303063773146433729e-22
1.264316124883544922e+09, -6.267574009603599212e-22
1.264316124883789062e+09, -6.214232212011861629e-22
1.264316124884033203e+09, -6.143143894120162845e-22
1.264316124884277344e+09, -6.055021929438275882e-22
1.264316124884521484e+09, -5.950604164774965929e-22
1.264316124884765625e+09, -5.830114121978130535e-22
1.264316124885009766e+09, -5.693819321840941656e-22
1.264316124885253906e+09, -5.542030861384724867e-22
1.264316124885498047e+09, -5.375102871542530360e-22
1.264316124885742188e+09, -5.193431845684257808e-22
1.264316124885986328e+09, -4.997455854760535325e-22
1.264316124886230469e+09, -4.787653650846455920e-22
1.264316124886474609e+09, -4.564543641338944824e-22
1.264316124886718750e+09, -4.328682762014847717e-22
1.264316124886962891e+09, -4.080665212482026910e-22
1.264316124887207031e+09, -3.821121073623962018e-22
1.264316124887451172e+09, -3.550714856136825721e-22
1.264316124887695312e+09, -3.270143941380915705e-22
1.264316124887939453e+09, -2.980136909849243535e-22
1.264316124888183594e+09, -2.681451769029518291e-22
1.264316124888427734e+09, -2.374874088468490977e-22
1.264316124888671875e+09, -2.061215040934922697e-22
1.264316124888916016e+09, -1.741309361132952604e-22
1.264316124889160156e+09, -1.416013218241242635e-22
1.264316124889404297e+09, -1.086202017212081990e-22
1.264316124889648438e+09, -7.527681234128092347e-23
1.264316124889892578e+09, -4.166185253106516118e-23
1.264316124890136719e+09, -7.867242412597771407e-24
1.264316124890380859e+09, 2.601412603976200970e-23
1.264316124890625000e+09, 5.988863682873138016e-23
1.264316124890869141e+09, 9.366220088174832026e-23
1.264316124891113281e+09, 1.272405140800793317e-22
1.264316124891357422e+09, 1.605293174215665148e-22
1.264316124891601562e+09, 1.934346596472177279e-22
1.264316124891845703e+09, 2.258631611783785687e-22
1.264316124892089844e+09, 2.577222787427548820e-22
1.264316124892333984e+09, 2.889205701329408003e-22
1.264316124892578125e+09, 3.193679581178566608e-22
1.264316124892822266e+09, 3.489759927169721204e-22
1.264316124893066406e+09, 3.776581115200571018e-22
1.264316124893310547e+09, 4.053298973628673874e-22
1.264316124893554688e+09, 4.319093347122779584e-22
1.264316124893798828e+09, 4.573170576229489942e-22
1.264316124894042969e+09, 4.814765883970117996e-22
1.264316124894287109e+09, 5.043145762839062340e-22
1.264316124894531250e+09, 5.257610276667951904e-22
1.264316124894775391e+09, 5.457495294184095421e-22
1.264316124895019531e+09, 5.642174640414854163e-22
1.264316124895263672e+09, 5.811062158073334382e-22
1.264316124895507812e+09, 5.963613679390928125e-22
1.264316124895751953e+09, 6.099328887436157965e-22
1.264316124895996094e+09, 6.217753072896485617e-22
1.264316124896240234e+09, 6.318478779763746973e-22
1.264316124896484375e+09, 6.401147325050397287e-22
1.264316124896728516e+09, 6.465450198657674046e-22
1.264316124896972656e+09, 6.511130320199239380e-22
1.264316124897216797e+09, 6.537983140723135128e-22
1.264316124897460938e+09, 6.545857630402073118e-22
1.264316124897705078e+09, 6.534657120002238707e-22
1.264316124897949219e+09, 6.504339986440331519e-22
1.264316124898193359e+09, 6.454920191534982442e-22
1.264316124898437500e+09, 6.386467662915384700e-22
1.264316124898681641e+09, 6.299108505570693874e-22
1.264316124898925781e+09, 6.193025068277607690e-22
1.264316124899169922e+09, 6.068455833429403653e-22
1.264316124899414062e+09, 5.925695138608467487e-22
1.264316124899658203e+09, 5.765092748134290870e-22
1.264316124899902344e+09, 5.587053214493622856e-22
1.264316124900146484e+09, 5.392035075550523657e-22
1.264316124900390625e+09, 5.180549954519498448e-22
1.264316124900634766e+09, 4.953161439375272460e-22
1.264316124900878906e+09, 4.710483825830945184e-22
1.264316124901123047e+09, 4.453180679481110424e-22
1.264316124901367188e+09, 4.181963238165783534e-22
1.264316124901611328e+09, 3.897588666631059813e-22
1.264316124901855469e+09, 3.600858151316464830e-22
1.264316124902099609e+09, 3.292614837196573716e-22
1.264316124902343750e+09, 2.973741635783313635e-22
1.264316124902587891e+09, 2.645158872710138650e-22
1.264316124902832031e+09, 2.307821814959181646e-22
1.264316124903076172e+09, 1.962718014126137256e-22
1.264316124903320312e+09, 1.610864541941824878e-22
1.264316124903564453e+09, 1.253305205780871024e-22
1.264316124903808594e+09, 8.911075937209468617e-23
1.264316124904052734e+09, 5.253600231529458318e-23
1.264316124904296875e+09, 1.571683823750110854e-23
1.264316124904541016e+09, -2.123471022030428282e-23
1.264316124904785156e+09, -5.820551853757608819e-23
1.264316124905029297e+09, -9.508169804861121453e-23
1.264316124905273438e+09, -1.317489406479946394e-22
1.264316124905517578e+09, -1.680928668007431849e-22
1.264316124905761719e+09, -2.039993807254344639e-22
1.264316124906005859e+09, -2.393550307373939729e-22
1.264316124906250000e+09, -2.740473628517652741e-22
1.264316124906494141e+09, -3.079652734242530989e-22
1.264316124906738281e+09, -3.409993671298020503e-22
1.264316124906982422e+09, -3.730423118604936775e-22
1.264316124907226562e+09, -4.039891920663790324e-22
1.264316124907470703e+09, -4.337378572980093954e-22
1.264316124907714844e+09, -4.621892667943129525e-22
1.264316124907958984e+09, -4.892478266695205777e-22
1.264316124908203125e+09, -5.148217218122254932e-22
1.264316124908447266e+09, -5.388232372985737961e-22
1.264316124908691406e+09, -5.611690750943314360e-22
1.264316124908935547e+09, -5.817806565689398553e-22
1.264316124909179688e+09, -6.005844062614371258e-22
1.264316124909423828e+09, -6.175120309719862093e-22
1.264316124909667969e+09, -6.325007820348714680e-22
1.264316124909912109e+09, -6.454937057887270080e-22
1.264316124910156250e+09, -6.564398762428783307e-22
1.264316124910400391e+09, -6.652946125040275340e-22
1.264316124910644531e+09, -6.720196771650849021e-22
1.264316124910888672e+09, -6.765834577253869865e-22
1.264316124911132812e+09, -6.789611274606420202e-22
1.264316124911376953e+09, -6.791347865655675768e-22
1.264316124911621094e+09, -6.770935815298307800e-22
1.264316124911865234e+09, -6.728338013957149010e-22
1.264316124912109375e+09, -6.663589550398183602e-22
1.264316124912353516e+09, -6.576798243669464820e-22
1.264316124912597656e+09, -6.468144967427092217e-22
1.264316124912841797e+09, -6.337883716879715560e-22
1.264316124913085938e+09, -6.186341447890648476e-22
1.264316124913330078e+09, -6.013917680663722821e-22
1.264316124913574219e+09, -5.821083842240774800e-22
1.264316124913818359e+09, -5.608382383036901729e-22
1.264316124914062500e+09, -5.376425636149311939e-22
1.264316124914306641e+09, -5.125894378033915950e-22
1.264316124914550781e+09, -4.857536184040323531e-22
1.264316124914794922e+09, -4.572163609692569114e-22
1.264316124915039062e+09, -4.270652087252463705e-22
1.264316124915283203e+09, -3.953937599797080235e-22
1.264316124915527344e+09, -3.623014099934251667e-22
1.264316124915771484e+09, -3.278930735319513109e-22
1.264316124916015625e+09, -2.922788822203709237e-22
1.264316124916259766e+09, -2.555738635347113779e-22
1.264316124916503906e+09, -2.178975970601329890e-22
1.264316124916748047e+09, -1.793738534377847573e-22
1.264316124916992188e+09, -1.401302076799175596e-22
1.264316124917236328e+09, -1.002976326321139906e-22
1.264316124917480469e+09, -6.001009232812657056e-23
1.264316124917724609e+09, -1.940411656816000481e-23
1.264316124917968750e+09, 2.138164349904015329e-23
1.264316124918212891e+09, 6.220687157368746894e-23
1.264316124918457031e+09, 1.029300544898877122e-22
1.264316124918701172e+09, 1.434089598802800520e-22
1.264316124918945312e+09, 1.835011229506006837e-22
1.264316124919189453e+09, 2.230643394803637105e-22
1.264316124919433594e+09, 2.619571648269019122e-22
1.264316124919677734e+09, 3.000394172104559545e-22
1.264316124919921875e+09, 3.371726919113189756e-22
1.264316124920166016e+09, 3.732208635566070308e-22
1.264316124920410156e+09, 4.080505766096296185e-22
1.264316124920654297e+09, 4.415317462736555206e-22
1.264316124920898438e+09, 4.735380505568308037e-22
1.264316124921142578e+09, 5.039474192100159962e-22
1.264316124921386719e+09, 5.326425109032770286e-22
1.264316124921630859e+09, 5.595111819078103619e-22
1.264316124921875000e+09, 5.844469408595653067e-22
1.264316124922119141e+09, 6.073493916176357857e-22
1.264316124922363281e+09, 6.281246567501937369e-22
1.264316124922607422e+09, 6.466857898910148471e-22
1.264316124922851562e+09, 6.629531655228455841e-22
1.264316124923095703e+09, 6.768548355164245325e-22
1.264316124923339844e+09, 6.883268721920958430e-22
1.264316124923583984e+09, 6.973136864151059684e-22
1.264316124923828125e+09, 7.037683216608993580e-22
1.264316124924072266e+09, 7.076527201004345176e-22
1.264316124924316406e+09, 7.089379594394960006e-22
1.264316124924560547e+09, 7.076044597624965029e-22
1.264316124924804688e+09, 7.036421586473721168e-22
1.264316124925048828e+09, 6.970506554309307007e-22
1.264316124925292969e+09, 6.878393175747551131e-22
1.264316124925537109e+09, 6.760273522938165327e-22
1.264316124925781250e+09, 6.616438401430595980e-22
1.264316124926025391e+09, 6.447277402498942350e-22
1.264316124926269531e+09, 6.253278557768880840e-22
1.264316124926513672e+09, 6.035027637984605879e-22
1.264316124926757812e+09, 5.793207053536768219e-22
1.264316124927001953e+09, 5.528594401938373634e-22
1.264316124927246094e+09, 5.242060606544077808e-22
1.264316124927490234e+09, 4.934567709897466257e-22
1.264316124927734375e+09, 4.607166241733608378e-22
1.264316124927978516e+09, 4.260992280700800335e-22
1.264316124928222656e+09, 3.897264002418597965e-22
1.264316124928466797e+09, 3.517277841828847366e-22
1.264316124928710938e+09, 3.122404498881580712e-22
1.264316124928955078e+09, 2.714084638769182718e-22
1.264316124929199219e+09, 2.293824110637039676e-22
1.264316124929443359e+09, 1.863188927719255519e-22
1.264316124929687500e+09, 1.423799857605503856e-22
1.264316124929931641e+09, 9.773268028556866090e-23
1.264316124930175781e+09, 5.254828085594014875e-23
1.264316124930419922e+09, 7.001792217405600835e-24
1.264316124930664062e+09, -3.872873193820730962e-23
1.264316124930908203e+09, -8.446284676649935977e-23
1.264316124931152344e+09, -1.300184267003369487e-22
1.264316124931396484e+09, -1.752123720324720539e-22
1.264316124931640625e+09, -2.198613058618822546e-22
1.264316124931884766e+09, -2.637822937475708151e-22
1.264316124932128906e+09, -3.067935892242670469e-22
1.264316124932373047e+09, -3.487153690361495954e-22
1.264316124932617188e+09, -3.893704955966023290e-22
1.264316124932861328e+09, -4.285852496760472116e-22
1.264316124933105469e+09, -4.661901047603869583e-22
1.264316124933349609e+09, -5.020204223127011984e-22
1.264316124933593750e+09, -5.359172365895735061e-22
1.264316124933837891e+09, -5.677280473968109542e-22
1.264316124934082031e+09, -5.973073688736639309e-22
1.264316124934326172e+09, -6.245174944048315283e-22
1.264316124934570312e+09, -6.492291850196629229e-22
1.264316124934814453e+09, -6.713222975762446026e-22
1.264316124935058594e+09, -6.906864014684153416e-22
1.264316124935302734e+09, -7.072213740118949405e-22
1.264316124935546875e+09, -7.208379583160680570e-22
1.264316124935791016e+09, -7.314582819412171530e-22
1.264316124936035156e+09, -7.390163263878320627e-22
1.264316124936279297e+09, -7.434583715548310419e-22
1.264316124936523438e+09, -7.447433884903713175e-22
1.264316124936767578e+09, -7.428433920959721665e-22
1.264316124937011719e+09, -7.377437376658843844e-22
1.264316124937255859e+09, -7.294433712718981814e-22
1.264316124937500000e+09, -7.179550230755838703e-22
1.264316124937744141e+09, -7.033053403517095462e-22
1.264316124937988281e+09, -6.855349546547042764e-22
1.264316124938232422e+09, -6.646985077906388178e-22
1.264316124938476562e+09, -6.408646138263525041e-22
1.264316124938720703e+09, -6.141157610032641852e-22
1.264316124938964844e+09, -5.845481495644070293e-22
1.264316124939208984e+09, -5.522714678109618499e-22
1.264316124939453125e+09, -5.174086059156063159e-22
1.264316124939697266e+09, -4.800953020083547269e-22
1.264316124939941406e+09, -4.404797322576161710e-22
1.264316124940185547e+09, -3.987220124956182844e-22
1.264316124940429688e+09, -3.549936334681760989e-22
1.264316124940673828e+09, -3.094768859458554023e-22
1.264316124940917969e+09, -2.623642107247431649e-22
1.264316124941162109e+09, -2.138574829686036044e-22
1.264316124941406250e+09, -1.641672398774297765e-22
1.264316124941650391e+09, -1.135118547840504638e-22
1.264316124941894531e+09, -6.211666068805152821e-23
1.264316124942138672e+09, -1.021302154369566019e-23
1.264316124942382812e+09, 4.196263527876042552e-23
1.264316124942626953e+09, 9.416985414092871102e-23
1.264316124942871094e+09, 1.461652424182121216e-22
1.264316124943115234e+09, 1.977035195527754867e-22
1.264316124943359375e+09, 2.485386077368260114e-22
1.264316124943603516e+09, 2.984247737117657030e-22
1.264316124943847656e+09, 3.471177891928462863e-22
1.264316124944091797e+09, 3.943761085440008036e-22
1.264316124944335938e+09, 4.399620580113583503e-22
1.264316124944580078e+09, 4.836430304656009435e-22
1.264316124944824219e+09, 5.251926797910864075e-22
1.264316124945068359e+09, 5.643921219330712260e-22
1.264316124945312500e+09, 6.010311473299826847e-22
1.264316124945556641e+09, 6.349093502346989751e-22
1.264316124945800781e+09, 6.658372263823388833e-22
1.264316124946044922e+09, 6.936372851966703687e-22
1.264316124946289062e+09, 7.181451181398248370e-22
1.264316124946533203e+09, 7.392104317683497734e-22
1.264316124946777344e+09, 7.566980305936167330e-22
1.264316124947021484e+09, 7.704887489008438700e-22
1.264316124947265625e+09, 7.804803224539983687e-22
1.264316124947509766e+09, 7.865881963502039688e-22
1.264316124947753906e+09, 7.887462619971801107e-22
1.264316124947998047e+09, 7.869074930929789950e-22
1.264316124948242188e+09, 7.810445076206556036e-22
1.264316124948486328e+09, 7.711500600973676096e-22
1.264316124948730469e+09, 7.572374425265232146e-22
1.264316124948974609e+09, 7.393407904280021037e-22
1.264316124949218750e+09, 7.175152883948850785e-22
1.264316124949462891e+09, 6.918372727297413851e-22
1.264316124949707031e+09, 6.624042243810768596e-22
1.264316124949951172e+09, 6.293346115802915917e-22
1.264316124950195312e+09, 5.927676447120892656e-22
1.264316124950439453e+09, 5.528629703082127789e-22
1.264316124950683594e+09, 5.098002111781974410e-22
1.264316124950927734e+09, 4.637784044622204514e-22
1.264316124951171875e+09, 4.150153107521393612e-22
1.264316124951416016e+09, 3.637466178059913122e-22
1.264316124951660156e+09, 3.102250185220413100e-22
1.264316124951904297e+09, 2.547191735228631733e-22
1.264316124952148438e+09, 1.975124794596469000e-22
1.264316124952392578e+09, 1.389018189168112823e-22
1.264316124952636719e+09, 7.919629165926588405e-23
1.264316124952880859e+09, 1.871575058711263754e-23
1.264316124953125000e+09, -4.221073365289383173e-23
1.264316124953369141e+09, -1.032465201916658483e-22
1.264316124953613281e+09, -1.640491129601293944e-22
1.264316124953857422e+09, -2.242719675115369300e-22
1.264316124954101562e+09, -2.835663712104854173e-22
1.264316124954345703e+09, -3.415834804497136545e-22
1.264316124954589844e+09, -3.979762695565787203e-22
1.264316124954833984e+09, -4.524014388054292595e-22
1.264316124955078125e+09, -5.045214807673737014e-22
1.264316124955322266e+09, -5.540067426069727331e-22
1.264316124955566406e+09, -6.005375221575448699e-22
1.264316124955810547e+09, -6.438061485173970926e-22
1.264316124956054688e+09, -6.835190612655234623e-22
1.264316124956298828e+09, -7.193988712321434044e-22
1.264316124956542969e+09, -7.511864371370901212e-22
1.264316124956787109e+09, -7.786427617010828808e-22
1.264316124957031250e+09, -8.015507922917677755e-22
1.264316124957275391e+09, -8.197172446161257862e-22
1.264316124957519531e+09, -8.329743211306255129e-22
1.264316124957763672e+09, -8.411813384333447555e-22
1.264316124958007812e+09, -8.442262299285518221e-22
1.264316124958251953e+09, -8.420269219484035570e-22
1.264316124958496094e+09, -8.345325637715250605e-22
1.264316124958740234e+09, -8.217245579848633125e-22
1.264316124958984375e+09, -8.036173984952801105e-22
1.264316124959228516e+09, -7.802593963812064196e-22
1.264316124959472656e+09, -7.517332138887206429e-22
1.264316124959716797e+09, -7.181562079516630765e-22
1.264316124959960938e+09, -6.796805524185891796e-22
1.264316124960205078e+09, -6.364931506799486630e-22
1.264316124960449219e+09, -5.888153137082077586e-22
1.264316124960693359e+09, -5.369021802179233793e-22
1.264316124960937500e+09, -4.810417268926428329e-22
1.264316124961181641e+09, -4.215537167648017347e-22
1.264316124961425781e+09, -3.587885770524908339e-22
1.264316124961669922e+09, -2.931258593610859326e-22
1.264316124961914062e+09, -2.249725002593824779e-22
1.264316124962158203e+09, -1.547607986750854667e-22
1.264316124962402344e+09, -8.294617733271143089e-23
1.264316124962646484e+09, -1.000468800080771157e-23
1.264316124962890625e+09, 6.356975797492649610e-23
1.264316124963134766e+09, 1.372686395457609755e-22
1.264316124963378906e+09, 2.105718693293324116e-22
1.264316124963623047e+09, 2.829508244737368920e-22
1.264316124963867188e+09, 3.538718852357321441e-22
1.264316124964111328e+09, 4.228000700717069339e-22
1.264316124964355469e+09, 4.892028699203876249e-22
1.264316124964599609e+09, 5.525541810514223165e-22
1.264316124964843750e+09, 6.123383585525487881e-22
1.264316124965087891e+09, 6.680544049603276439e-22
1.264316124965332031e+09, 7.192203927009768724e-22
1.264316124965576172e+09, 7.653774422693724727e-22
1.264316124965820312e+09, 8.060935925930653410e-22
1.264316124966064453e+09, 8.409679830290758408e-22
1.264316124966308594e+09, 8.696348951259208298e-22
1.264316124966552734e+09, 8.917677524239454016e-22
1.264316124966796875e+09, 9.070829436346739744e-22
1.264316124967041016e+09, 9.153435070106271364e-22
1.264316124967285156e+09, 9.163625800780316589e-22
1.264316124967529297e+09, 9.100065170707344983e-22
1.264316124967773438e+09, 8.961975220489541297e-22
1.264316124968017578e+09, 8.749161930376572776e-22
1.264316124968261719e+09, 8.462037390801473290e-22
1.264316124968505859e+09, 8.101638617274052750e-22
1.264316124968750000e+09, 7.669641424479903996e-22
1.264316124968994141e+09, 7.168370288458801891e-22
1.264316124969238281e+09, 6.600802552721482369e-22
1.264316124969482422e+09, 5.970566873341619465e-22
1.264316124969726562e+09, 5.281930480857777093e-22
1.264316124969970703e+09, 4.539787172872867637e-22
1.264316124970214844e+09, 3.749642545187282129e-22
1.264316124970458984e+09, 2.917589726854931883e-22
1.264316124970703125e+09, 2.050278317912052593e-22
1.264316124970947266e+09, 1.154877710818121605e-22
1.264316124971191406e+09, 2.390275994865996959e-23
1.264316124971435547e+09, -6.892176265965321811e-23
1.264316124971679688e+09, -1.621437528908170967e-22
1.264316124971923828e+09, -2.548907805593809589e-22
1.264316124972167969e+09, -3.462668793272305630e-22
1.264316124972412109e+09, -4.353601644937694804e-22
1.264316124972656250e+09, -5.212510440008712778e-22
1.264316124972900391e+09, -6.030216439170293468e-22
1.264316124973144531e+09, -6.797644869240963544e-22
1.264316124973388672e+09, -7.505912195540861015e-22
1.264316124973632812e+09, -8.146425735559139260e-22
1.264316124973876953e+09, -8.710985311132906406e-22
1.264316124974121094e+09, -9.191891166107723470e-22
1.264316124974365234e+09, -9.582046322224628775e-22
1.264316124974609375e+09, -9.875052879628217392e-22
1.264316124974853516e+09, -1.006531747467974074e-21
1.264316124975097656e+09, -1.014815212258932623e-21
1.264316124975341797e+09, -1.011987413075483914e-21
1.264316124975585938e+09, -9.977893963230745565e-22
1.264316124975830078e+09, -9.720800425393567978e-22
1.264316124976074219e+09, -9.348440392959104994e-22
1.264316124976318359e+09, -8.861990300698869683e-22
1.264316124976562500e+09, -8.264006725692165735e-22
1.264316124976806641e+09, -7.558474575798576286e-22
1.264316124977050781e+09, -6.750844295772900989e-22
1.264316124977294922e+09, -5.848053737432895999e-22
1.264316124977539062e+09, -4.858517586760446937e-22
1.264316124977783203e+09, -3.792104534230659361e-22
1.264316124978027344e+09, -2.660113855849710746e-22
1.264316124978271484e+09, -1.475218198976297757e-22
1.264316124978515625e+09, -2.513671268204877371e-23
1.264316124978759766e+09, 9.963186735404282797e-23
1.264316124979003906e+09, 2.251654299904571807e-22
1.264316124979248047e+09, 3.497551612647628387e-22
1.264316124979492188e+09, 4.716214774060464634e-22
1.264316124979736328e+09, 5.889339065570688109e-22
1.264316124979980469e+09, 6.998320320889877546e-22
1.264316124980224609e+09, 8.024530170172604698e-22
1.264316124980468750e+09, 8.949596997356380356e-22
1.264316124980712891e+09, 9.755683002466724725e-22
1.264316124980957031e+09, 1.042581655299795924e-21
1.264316124981201172e+09, 1.094423635661180546e-21
1.264316124981445312e+09, 1.129672627072237727e-21
1.264316124981689453e+09, 1.147097358959368423e-21
1.264316124981933594e+09, 1.145694107260426575e-21
1.264316124982177734e+09, 1.124721821741922641e-21
1.264316124982421875e+09, 1.083737838721446142e-21
1.264316124982666016e+09, 1.022630683849576117e-21
1.264316124982910156e+09, 9.416513688418813312e-22
1.264316124983154297e+09, 8.414422473801615380e-22
1.264316124983398438e+09, 7.230566372500983125e-22
1.264316124983642578e+09, 5.879785735807896783e-22
1.264316124983886719e+09, 4.381337012988016615e-22
1.264316124984130859e+09, 2.758874940384489132e-22
1.264316124984375000e+09, 1.040417277716891597e-22
1.264316124984619141e+09, -7.418770414626098414e-23
1.264316124984863281e+09, -2.551998257618999410e-22
1.264316124985107422e+09, -4.350529204579568249e-22
1.264316124985351562e+09, -6.095273745923066146e-22
1.264316124985595703e+09, -7.741948333671473054e-22
1.264316124985839844e+09, -9.245142251056368701e-22
1.264316124986083984e+09, -1.055936855604075207e-21
1.264316124986328125e+09, -1.164030361395824230e-21
1.264316124986572266e+09, -1.244617575612322933e-21
1.264316124986816406e+09, -1.293928565348313087e-21
1.264316124987060547e+09, -1.308764865822261502e-21
1.264316124987304688e+09, -1.286669842798184834e-21
1.264316124987548828e+09, -1.226103501782882176e-21
1.264316124987792969e+09, -1.126612144464227144e-21
1.264316124988037109e+09, -9.889910563917856859e-22
1.264316124988281250e+09, -8.154216060578920009e-22
1.264316124988525391e+09, -6.095854755179649857e-22
1.264316124988769531e+09, -3.767342375001880826e-22
1.264316124989013672e+09, -1.237047489010050983e-22
1.264316124989257812e+09, 1.411275975166884057e-22
1.264316124989501953e+09, 4.079758948549367800e-22
1.264316124989746094e+09, 6.658590346077547250e-22
1.264316124989990234e+09, 9.029234273845088704e-22
1.264316124990234375e+09, 1.106879523890269436e-21
1.264316124990478516e+09, 1.265597222590416027e-21
1.264316124990722656e+09, 1.367838239447010785e-21
1.264316124990966797e+09, 1.404400210211137618e-21
1.264316124991210938e+09, 1.369468352587284924e-21
1.264316124991455078e+09, 1.260780540750309988e-21
1.264316124991699219e+09, 1.080224944995638460e-21
1.264316124991943359e+09, 8.347961016509950117e-22
1.264316124992187500e+09, 5.367343609406089364e-22
1.264316124992431641e+09, 2.033368173474745143e-22
1.264316124992675781e+09, -1.438903802895427801e-22
1.264316124992919922e+09, -4.805970369277736339e-22
1.264316124993164062e+09, -7.815224936821084743e-22
1.264316124993408203e+09, -1.022759804014119185e-21
1.264316124993652344e+09, -1.184191272073827315e-21
1.264316124993896484e+09, -1.251750045588030043e-21
1.264316124994140625e+09, -1.219251835232159237e-21
1.264316124994384766e+09, -1.089474701992565439e-21
1.264316124994628906e+09, -8.743196246251922332e-22
1.264316124994873047e+09, -5.939266235352433394e-22
1.264316124995117188e+09, -2.748209186276976970e-22
1.264316124995361328e+09, 5.275407011365988835e-23
1.264316124995605469e+09, 3.579907936463238902e-22
1.264316124995849609e+09, 6.128002522229779174e-22
1.264316124996093750e+09, 7.947982763785558038e-22
1.264316124996337891e+09, 8.896413623917909008e-22
1.264316124996582031e+09, 8.924093805163793305e-22
1.264316124996826172e+09, 8.078894120414431062e-22
1.264316124997070312e+09, 6.497318768384800395e-22
1.264316124997314453e+09, 4.386207484872461532e-22
1.264316124997558594e+09, 1.996982145729772936e-22
1.264316124997802734e+09, -4.040948391802614882e-23
1.264316124998046875e+09, -2.566015512141558393e-22
1.264316124998291016e+09, -4.279795154736785468e-22
1.264316124998535156e+09, -5.398989597130871531e-22
1.264316124998779297e+09, -5.851827513022453834e-22
1.264316124999023438e+09, -5.644096558862877036e-22
1.264316124999267578e+09, -4.852986591962804164e-22
1.264316124999511719e+09, -3.613263046161255509e-22
1.264316124999755859e+09, -2.097886471585912672e-22
1.264316125000000000e+09, -4.957552754310500427e-23
1.264316125000244141e+09, 1.010639244098977164e-22
1.264316125000488281e+09, 2.265054987643815489e-22
1.264316125000732422e+09, 3.152749917842197603e-22
1.264316125000976562e+09, 3.609761959548799445e-22
1.264316125001220703e+09, 3.625650586344268806e-22
1.264316125001464844e+09, 3.239942138380985941e-22
1.264316125001708984e+09, 2.533230929117868307e-22
1.264316125001953125e+09, 1.614423494203868877e-22
1.264316125002197266e+09, 6.059266438403249131e-23
1.264316125002441406e+09, -3.713450315670260069e-23
1.264316125002685547e+09, -1.211416417255838247e-22
1.264316125002929688e+09, -1.833764138543192073e-22
1.264316125003173828e+09, -2.189969475262062320e-22
1.264316125003417969e+09, -2.266115901861268660e-22
1.264316125003662109e+09, -2.081059219629005283e-22
1.264316125003906250e+09, -1.681157701663180070e-22
1.264316125004150391e+09, -1.132397788862300435e-22
1.264316125004394531e+09, -5.110583442475942868e-23
1.264316125004638672e+09, 1.058868882804709069e-23
1.264316125004882812e+09, 6.495149593954243615e-23
1.264316125005126953e+09, 1.065938667749642252e-22
1.264316125005371094e+09, 1.320910466786295545e-22
1.264316125005615234e+09, 1.401756041476353626e-22
1.264316125005859375e+09, 1.316679826124443792e-22
1.264316125006103516e+09, 1.091778919471167188e-22
1.264316125006347656e+09, 7.663288219250866271e-23
1.264316125006591797e+09, 3.870449671627420230e-23
1.264316125006835938e+09, 2.070709592016366461e-25
1.264316125007080078e+09, -3.446007409977035456e-23
1.264316125007324219e+09, -6.176821446734716626e-23
1.264316125007568359e+09, -7.937116484797177354e-23
1.264316125007812500e+09, -8.625254381028635152e-23
1.264316125008056641e+09, -8.270806698546270210e-23
1.264316125008300781e+09, -7.018128305602210671e-23
1.264316125008544922e+09, -5.098592735784124177e-23
1.264316125008789062e+09, -2.795759823153569011e-23
1.264316125009033203e+09, -4.081203559072040381e-24
1.264316125009277344e+09, 1.786126672023588337e-23
1.264316125009521484e+09, 3.558483445752180773e-23
1.264316125009765625e+09, 4.751004038955074270e-23
1.264316125010009766e+09, 5.287083873190544060e-23
1.264316125010253906e+09, 5.171973892867762387e-23
1.264316125010498047e+09, 4.483989280658037983e-23
1.264316125010742188e+09, 3.358338167880023521e-23
1.264316125010986328e+09, 1.966137876803072730e-23
1.264316125011230469e+09, 4.914735032845792457e-24
1.264316125011474609e+09, -8.907108500449865168e-24
1.264316125011718750e+09, -2.033471593271158210e-23
1.264316125011962891e+09, -2.831668969494015832e-23
1.264316125012207031e+09, -3.229660167313061200e-23
1.264316125012451172e+09, -3.222624902544926980e-23
1.264316125012695312e+09, -2.852012057286697596e-23
1.264316125012939453e+09, -2.196211812313910701e-23
1.264316125013183594e+09, -1.357986875994798546e-23
1.264316125013427734e+09, -4.504090826933755993e-24
1.264316125013671875e+09, 4.169585274046488628e-24
1.264316125013916016e+09, 1.150096372530049541e-23
1.264316125014160156e+09, 1.679597906208180606e-23
1.264316125014404297e+09, 1.966046152325278817e-23
1.264316125014648438e+09, 2.001459894550834586e-23
1.264316125014892578e+09, 1.807040460675679370e-23
1.264316125015136719e+09, 1.427845175726965992e-23
1.264316125015380859e+09, 9.252982338596942348e-24
1.264316125015625000e+09, 3.686028530774139641e-24
1.264316125015869141e+09, -1.738639789352493934e-24
1.264316125016113281e+09, -6.421994379383837551e-24
1.264316125016357422e+09, -9.908968432248059359e-24
1.264316125016601562e+09, -1.192545373330416265e-23
1.264316125016845703e+09, -1.239112307130476505e-23
1.264316125017089844e+09, -1.140905524333704437e-23
1.264316125017333984e+09, -9.235664806886436024e-24
1.264316125017578125e+09, -6.236314048385329855e-24
1.264316125017822266e+09, -2.833063620507068804e-24
1.264316125018066406e+09, 5.487410957358442531e-25
1.264316125018310547e+09, 3.528891647122650778e-24
1.264316125018554688e+09, 5.810772515838290861e-24
1.264316125018798828e+09, 7.206504030872166179e-24
1.264316125019042969e+09, 7.647266157386020571e-24
1.264316125019287109e+09, 7.179123941404043042e-24
1.264316125019531250e+09, 5.946282481369457001e-24
1.264316125019775391e+09, 4.164927030880451941e-24
1.264316125020019531e+09, 2.091551482908454742e-24
1.264316125020263672e+09, -1.009028165366118771e-26
1.264316125020507812e+09, -1.899535166777960152e-24
1.264316125020751953e+09, -3.384460296650789670e-24
1.264316125020996094e+09, -4.337593983304194675e-24
1.264316125021240234e+09, -4.704573334567629966e-24
1.264316125021484375e+09, -4.502769211680048213e-24
1.264316125021728516e+09, -3.812118467316380056e-24
1.264316125021972656e+09, -2.759802681481010638e-24
1.264316125022216797e+09, -1.501123676939767847e-24
1.264316125022460938e+09, -1.991200964185413555e-25
1.264316125022705078e+09, 9.946438342142494334e-25
1.264316125022949219e+09, 1.956062908829392383e-24
1.264316125023193359e+09, 2.599765603172318030e-24
1.264316125023437500e+09, 2.884876988892340056e-24
1.264316125023681641e+09, 2.815171811591695873e-24
1.264316125023925781e+09, 2.434163785088930950e-24
1.264316125024169922e+09, 1.816194866449535003e-24
1.264316125024414062e+09, 1.054933720794796740e-24
1.264316125024658203e+09, 2.508440026903559490e-25
1.264316125024902344e+09, -5.008571634480039394e-25
1.264316125025146484e+09, -1.120438230154748051e-24
1.264316125025390625e+09, -1.551113112099243960e-24
1.264316125025634766e+09, -1.763157536590419535e-24
1.264316125025878906e+09, -1.754552207724611083e-24
1.264316125026123047e+09, -1.548428856592970448e-24
1.264316125026367188e+09, -1.187929014608275106e-24
1.264316125026611328e+09, -7.293166407931295901e-25
1.264316125026855469e+09, -2.342986956074725120e-25
1.264316125027099609e+09, 2.374985052431113496e-25
1.264316125027343750e+09, 6.350621231498406396e-25
1.264316125027587891e+09, 9.208956679781722322e-25
1.264316125027832031e+09, 1.073901242878395591e-24
1.264316125028076172e+09, 1.090118196232260566e-24
1.264316125028320312e+09, 9.814499335374877132e-25
1.264316125028564453e+09, 7.727248840517271180e-25
1.264316125028808594e+09, 4.975912230922788358e-25
1.264316125029052734e+09, 1.937160047736544348e-25
1.264316125029296875e+09, -1.012530644034723431e-25
1.264316125029541016e+09, -3.556050065341645831e-25
1.264316125029785156e+09, -5.435857692244923388e-25
1.264316125030029297e+09, -6.520207001808312981e-25
1.264316125030273438e+09, -6.748695865784231415e-25
1.264316125030517578e+09, -6.202806739422716125e-25
1.264316125030761719e+09, -4.996811075088121041e-25
1.264316125031005859e+09, -3.362611733512186735e-25
1.264316125031250000e+09, -1.494490160906823177e-25
1.264316125031494141e+09, 3.348671448245130586e-26
1.264316125031738281e+09, 1.965225026454386825e-25
1.264316125031982422e+09, 3.184473036355976866e-25
1.264316125032226562e+09, 3.949183312107535499e-25
1.264316125032470703e+09, 4.159608253925604952e-25
1.264316125032714844e+09, 3.912802204423060799e-25
1.264316125032958984e+09, 3.210611240491905346e-25
1.264316125033203125e+09, 2.257576446777040611e-25
1.264316125033447266e+09, 1.099027812407430874e-25
1.264316125033691406e+09, -1.665423440484968846e-27
1.264316125033935547e+09, -1.074637057864584426e-25
1.264316125034179688e+09, -1.842415567716455104e-25
1.264316125034423828e+09, -2.394439395427803993e-25
1.264316125034667969e+09, -2.542119861712465132e-25
1.264316125034912109e+09, -2.475940487108287896e-25
1.264316125035156250e+09, -2.035463087691365591e-25
1.264316125035400391e+09, -1.526051952433008001e-25
1.264316125035644531e+09, -7.572105560440238198e-26
1.264316125035888672e+09, -1.472449894768605517e-26
1.264316125036132812e+09, 6.290628256767171977e-26
1.264316125036376953e+09, 9.722139779137362101e-26
1.264316125036621094e+09, 1.606018092947692804e-25
1.264316125036865234e+09, 1.009535623007198685e-25
1.264316125037109375e+09, -2.209779357173127087e-26
1.264316125037353516e+09, 1.167731826579590987e-26
1.264316125037597656e+09, -7.860287504401046318e-27
1.264316125037841797e+09, 5.858582595258642464e-27
1.264316125038085938e+09, -4.639947928726732957e-27
1.264316125038330078e+09, 3.853157449847212298e-27
1.264316125038574219e+09, -3.221838682227120518e-27
1.264316125038818359e+09, 2.826937252563216954e-27
1.264316125039062500e+09, -2.422889196518066549e-27
1.264316125039306641e+09, 2.186356178805345983e-27
1.264316125039550781e+09, -1.911084435843240577e-27
1.264316125039794922e+09, 1.736534183533786447e-27
1.264316125040039062e+09, -1.552811084151402827e-27
1.264316125040283203e+09, 1.398975480477250518e-27
1.264316125040527344e+09, -1.281513007053695119e-27
1.264316125040771484e+09, 1.137210610711120764e-27
1.264316125041015625e+09, -1.060846128356433342e-27
1.264316125041259766e+09, 9.305738380706610496e-28
1.264316125041503906e+09, -8.715297586101101975e-28
1.264316125041748047e+09, 7.640311087643162539e-28
1.264316125041992188e+09, -7.047438051064100871e-28
1.264316125042236328e+09, 6.249369104588808016e-28
1.264316125042480469e+09, -5.574179604016075235e-28
1.264316125042724609e+09, 5.029112875006999411e-28
1.264316125042968750e+09, -4.285348466260906468e-28
1.264316125043212891e+09, 3.906398946300755556e-28
1.264316125043457031e+09, -3.166625553205451462e-28
1.264316125043701172e+09, 2.842939928374576924e-28
1.264316125043945312e+09, -2.189422634419218733e-28
1.264316125044189453e+09, 1.830533773351585084e-28
1.264316125044433594e+09, -1.313678299798223491e-28
1.264316125044677734e+09, 8.787065886078774904e-29
1.264316125044921875e+09, -4.981761153064605193e-29